id,first_name,last_name,email,ip_address,password_hint
1,Janela,McKeller,jmckeller0@ucsd.edu,146.232.140.18,Automated multi-state benchmark
2,Wes,Winship,wwinship1@dion.ne.jp,163.243.145.9,Persistent heuristic hub
3,Wynnie,Cockley,wcockley2@pcworld.com,67.95.99.108,Stand-alone static core
4,Putnam,Blasiak,pblasiak3@youku.com,17.216.104.210,Face to face needs-based hardware
5,Vivia,Ungaretti,vungaretti4@princeton.edu,32.36.41.214,Configurable object-oriented hierarchy
6,Archaimbaud,Pinfold,apinfold5@gnu.org,187.103.8.134,Public-key secondary ability
7,Brose,Seeborne,bseeborne6@geocities.com,59.251.213.50,Cross-group human-resource infrastructure
8,Sarajane,Boleyn,sboleyn7@youtu.be,120.44.17.125,Vision-oriented 3rd generation orchestration
9,Emmeline,Sweeney,esweeney8@archive.org,8.140.224.134,Devolved well-modulated workforce
10,Melodie,Tangye,mtangye9@youku.com,115.116.144.54,Phased foreground success
11,Hurleigh,Figgures,hfigguresa@dailymotion.com,148.31.172.196,Balanced optimizing info-mediaries
12,Mae,O'Dowgaine,modowgaineb@mapy.cz,158.173.30.78,Enterprise-wide 5th generation algorithm
13,Junia,Byway,jbywayc@livejournal.com,214.96.2.67,Cross-platform attitude-oriented data-warehouse
14,Raye,Polle,rpolled@diigo.com,194.42.239.218,User-friendly stable algorithm
15,Eda,Moberley,emoberleye@comsenz.com,22.140.250.209,Sharable optimal leverage
16,Beryle,Imrie,bimrief@plala.or.jp,165.146.189.166,Organic contextually-based project
17,Mahala,Flanner,mflannerg@usa.gov,189.236.224.73,Multi-channelled grid-enabled array
18,Joyan,Lackner,jlacknerh@state.gov,45.212.225.154,Profound stable encryption
19,Ammamaria,Maysor,amaysori@umn.edu,133.87.2.211,Visionary coherent knowledge user
20,Ford,MacIlory,fmaciloryj@prweb.com,234.164.160.170,Expanded 5th generation customer loyalty
21,Kala,Asprey,kaspreyk@vimeo.com,102.64.235.102,Multi-lateral zero tolerance encoding
22,Rodge,Drohan,rdrohanl@pinterest.com,58.140.103.32,Switchable national artificial intelligence
23,Debby,Slowgrove,dslowgrovem@mysql.com,187.178.83.40,Assimilated national policy
24,Kerri,Costa,kcostan@ca.gov,0.56.180.186,Future-proofed solution-oriented firmware
25,Godfry,Hanse,ghanseo@dagondesign.com,77.236.11.13,Customer-focused methodical array
26,Sibylle,Gibbie,sgibbiep@woothemes.com,68.20.137.19,Front-line responsive Graphic Interface
27,Kimble,Bradnam,kbradnamq@wikimedia.org,196.107.190.194,Function-based logistical benchmark
28,Cirilo,Masser,cmasserr@last.fm,196.231.225.6,Extended optimal toolset
29,Willabella,Sorby,wsorbys@ifeng.com,1.69.122.190,Digitized static website
30,Cesya,Marple,cmarplet@clickbank.net,7.112.77.91,Open-architected eco-centric encoding
31,Dame,Mingo,dmingou@ucoz.ru,145.241.186.171,Progressive stable architecture
32,Maureen,Symondson,msymondsonv@squidoo.com,70.19.70.66,Public-key grid-enabled extranet
33,Hilarius,Archbutt,harchbuttw@amazon.co.uk,14.165.80.100,Down-sized asynchronous protocol
34,Lanie,Fowle,lfowlex@cam.ac.uk,1.123.93.180,Face to face bi-directional software
35,Kassi,Gorgl,kgorgly@springer.com,170.1.17.162,Object-based mission-critical capacity
36,Saunderson,Keppy,skeppyz@comcast.net,138.81.91.58,Vision-oriented tertiary artificial intelligence
37,Harwell,Hrinchenko,hhrinchenko10@guardian.co.uk,115.145.112.244,Profit-focused full-range orchestration
38,Marietta,Frape,mfrape11@npr.org,76.5.164.118,Horizontal 24/7 matrices
39,Lu,Test,ltest12@youku.com,208.125.104.137,Front-line logistical access
40,Gabriellia,Binnall,gbinnall13@blogtalkradio.com,151.65.143.176,Object-based tangible circuit
41,Gayle,Boothebie,gboothebie14@adobe.com,19.63.197.86,Multi-lateral object-oriented policy
42,Nyssa,Aslet,naslet15@yellowbook.com,118.99.231.209,Centralized even-keeled system engine
43,Babette,Edwicker,bedwicker16@sun.com,70.189.30.122,Exclusive 3rd generation hardware
44,Agnola,Cote,acote17@xinhuanet.com,40.182.142.184,Robust incremental standardization
45,Esmeralda,Taveriner,etaveriner18@xrea.com,51.96.91.45,Balanced bifurcated parallelism
46,Odille,Ainscow,oainscow19@bloomberg.com,100.69.178.86,Up-sized explicit policy
47,Johannah,Laughlin,jlaughlin1a@skype.com,180.151.104.167,Extended contextually-based service-desk
48,Adrian,Roxburch,aroxburch1b@canalblog.com,163.182.230.88,Right-sized composite process improvement
49,Babita,Ashment,bashment1c@4shared.com,63.50.154.216,Optimized 6th generation process improvement
50,Jody,Caveney,jcaveney1d@blinklist.com,152.40.7.47,Phased non-volatile paradigm
51,Whittaker,Abberley,wabberley1e@stanford.edu,88.22.206.174,Function-based systematic secured line
52,Kevina,Thomlinson,kthomlinson1f@upenn.edu,67.241.125.98,Public-key motivating core
53,Cornie,Sibbet,csibbet1g@elpais.com,155.213.51.106,Programmable stable circuit
54,Gwenni,Bytheway,gbytheway1h@java.com,23.211.194.16,Cross-platform systematic migration
55,Gerome,Verrell,gverrell1i@seattletimes.com,191.122.134.243,Cross-group encompassing website
56,Stefanie,Shinner,sshinner1j@ustream.tv,216.250.1.216,Face to face high-level array
57,Lefty,Dabell,ldabell1k@independent.co.uk,31.113.27.213,Optimized demand-driven hierarchy
58,Henderson,Mitten,hmitten1l@rakuten.co.jp,231.186.80.150,Monitored transitional encryption
59,Dorri,Dragonette,ddragonette1m@elpais.com,132.220.158.163,Upgradable exuding parallelism
60,Duke,Wholesworth,dwholesworth1n@fda.gov,7.48.47.162,Re-engineered demand-driven installation
61,Elianora,Gannon,egannon1o@indiegogo.com,237.162.140.124,Cloned attitude-oriented challenge
62,Rubie,Herculeson,rherculeson1p@ezinearticles.com,12.246.127.73,Assimilated demand-driven synergy
63,Ashely,Sijmons,asijmons1q@dyndns.org,70.83.110.58,Universal interactive array
64,Cassandra,Cowle,ccowle1r@alexa.com,187.201.159.222,Advanced value-added extranet
65,Brana,Goulborn,bgoulborn1s@cpanel.net,32.222.77.106,De-engineered real-time archive
66,Miguela,Rubenovic,mrubenovic1t@nytimes.com,158.229.209.121,Re-contextualized user-facing function
67,Elvera,Barwis,ebarwis1u@webnode.com,200.227.213.214,Persistent motivating hub
68,Shelley,Peinke,speinke1v@samsung.com,206.26.237.248,Multi-channelled grid-enabled emulation
69,Karol,Alliban,kalliban1w@example.com,113.99.56.50,Intuitive demand-driven strategy
70,Agnella,Siderfin,asiderfin1x@army.mil,215.86.255.168,Networked explicit Graphical User Interface
71,Theresina,Sarsons,tsarsons1y@newsvine.com,118.209.5.213,Phased web-enabled neural-net
72,Karmen,Mateja,kmateja1z@cdbaby.com,208.214.182.47,Robust static policy
73,Grissel,Coule,gcoule20@webnode.com,143.97.39.159,Stand-alone asymmetric framework
74,Tom,Jirka,tjirka21@barnesandnoble.com,40.16.174.173,Fully-configurable attitude-oriented implementation
75,Wilmer,Coweuppe,wcoweuppe22@woothemes.com,227.142.151.73,Ergonomic explicit archive
76,Krystyna,McKinnon,kmckinnon23@prlog.org,24.24.34.55,Up-sized heuristic success
77,Lanie,Medler,lmedler24@scientificamerican.com,64.127.127.143,Reactive system-worthy website
78,Vernen,Hechlin,vhechlin25@zdnet.com,190.217.87.230,Cross-group multimedia internet solution
79,Idalina,McConnulty,imcconnulty26@4shared.com,254.46.15.68,Cloned methodical moderator
80,Pail,Glossup,pglossup27@storify.com,32.70.11.66,Re-contextualized real-time productivity
81,Camey,Coopman,ccoopman28@cpanel.net,236.212.193.255,Multi-lateral responsive knowledge user
82,Beryle,Kenningley,bkenningley29@nationalgeographic.com,107.4.98.208,Networked intermediate adapter
83,Morton,Gleeson,mgleeson2a@paypal.com,1.65.45.32,Programmable attitude-oriented instruction set
84,Noelani,Paulson,npaulson2b@wordpress.org,206.241.233.128,Enterprise-wide bandwidth-monitored superstructure
85,Marybeth,Rubbens,mrubbens2c@themeforest.net,184.41.95.103,User-friendly static leverage
86,Almeta,Ratley,aratley2d@geocities.jp,27.215.241.192,Decentralized asynchronous open architecture
87,Neron,Beardall,nbeardall2e@de.vu,142.135.83.23,Stand-alone zero administration conglomeration
88,Gaspard,Splevings,gsplevings2f@chronoengine.com,237.0.146.228,Implemented attitude-oriented orchestration
89,Brandise,Pennock,bpennock2g@blogs.com,26.27.114.241,Open-architected well-modulated pricing structure
90,Neala,Aldwich,naldwich2h@friendfeed.com,87.123.38.183,Automated zero defect hardware
91,Killie,Kingsworth,kkingsworth2i@java.com,168.147.235.63,Object-based actuating software
92,Yorgo,Mouan,ymouan2j@senate.gov,175.252.154.207,User-centric real-time application
93,Hunt,Langstrath,hlangstrath2k@opera.com,46.235.213.249,Vision-oriented foreground open system
94,Tony,Dickons,tdickons2l@webs.com,16.200.76.167,Ameliorated incremental customer loyalty
95,Donalt,Missenden,dmissenden2m@cnn.com,253.166.38.132,Open-architected attitude-oriented software
96,Berky,Cordner,bcordner2n@yale.edu,77.248.211.238,Fully-configurable executive customer loyalty
97,Gerti,Bland,gbland2o@youtube.com,159.229.237.181,Intuitive mobile utilisation
98,Millie,Heisman,mheisman2p@nhs.uk,152.55.112.91,Ergonomic radical superstructure
99,Lanie,Mellmoth,lmellmoth2q@salon.com,134.70.55.41,Customizable directional knowledge user
100,Yancy,Hallin,yhallin2r@opensource.org,195.184.63.102,Right-sized contextually-based internet solution
101,Ive,Bontoft,ibontoft2s@cisco.com,84.27.144.146,Decentralized client-driven instruction set
102,Zabrina,Torrent,ztorrent2t@cbc.ca,97.196.35.13,Realigned secondary core
103,Beckie,Boulding,bboulding2u@china.com.cn,61.210.7.47,Sharable dedicated hierarchy
104,Therine,Allner,tallner2v@youku.com,26.106.150.210,Front-line foreground circuit
105,Chickie,Murtell,cmurtell2w@liveinternet.ru,67.77.59.149,Up-sized fresh-thinking help-desk
106,Crichton,Empleton,cempleton2x@samsung.com,182.110.88.202,Inverse static interface
107,Audy,Salerg,asalerg2y@state.tx.us,135.158.192.107,Fully-configurable multi-state knowledge base
108,Eveleen,Rippingale,erippingale2z@wired.com,108.27.157.248,Exclusive client-server frame
109,Melesa,Jeays,mjeays30@amazonaws.com,172.206.247.23,Organized 5th generation support
110,Shandy,Brosio,sbrosio31@4shared.com,132.21.80.74,Focused directional hierarchy
111,Vergil,Burkinshaw,vburkinshaw32@ehow.com,135.45.131.46,Self-enabling static task-force
112,Saleem,Cleen,scleen33@shutterfly.com,149.66.2.49,Re-contextualized coherent infrastructure
113,Donella,Wyvill,dwyvill34@plala.or.jp,86.25.21.102,Focused intermediate focus group
114,Merrill,McGeachie,mmcgeachie35@mapquest.com,115.82.104.106,Ergonomic content-based middleware
115,Sargent,Forryan,sforryan36@wordpress.org,255.139.53.200,Secured even-keeled hardware
116,Thomasin,Hemstead,themstead37@bizjournals.com,43.181.72.174,Profound bandwidth-monitored paradigm
117,Elka,Longford,elongford38@smugmug.com,170.245.151.186,Expanded clear-thinking superstructure
118,Tab,Hissie,thissie39@accuweather.com,26.136.212.146,Exclusive eco-centric instruction set
119,Harrison,Treven,htreven3a@google.co.jp,106.92.177.255,Balanced solution-oriented paradigm
120,Fancy,Broke,fbroke3b@hatena.ne.jp,250.24.245.167,Networked transitional access
121,Cassie,Tinsley,ctinsley3c@umn.edu,182.57.24.74,Profound tangible functionalities
122,Bessie,Hedgeley,bhedgeley3d@cdbaby.com,120.25.40.127,Optional directional attitude
123,Mahmoud,Hughesdon,mhughesdon3e@fotki.com,236.238.74.47,Intuitive fault-tolerant hardware
124,Shanna,Geane,sgeane3f@dailymail.co.uk,104.168.107.51,Sharable national definition
125,Gretel,Blaszczyk,gblaszczyk3g@army.mil,219.147.105.246,Configurable static Graphic Interface
126,Jerad,Nutter,jnutter3h@cam.ac.uk,146.127.188.177,Managed contextually-based secured line
127,Markus,Winyard,mwinyard3i@howstuffworks.com,61.246.77.237,Enhanced regional concept
128,Stefa,Augustine,saugustine3j@vkontakte.ru,126.206.248.174,Sharable responsive internet solution
129,Lev,Lindblom,llindblom3k@mysql.com,145.205.43.73,Secured asynchronous policy
130,Evelina,Meacher,emeacher3l@guardian.co.uk,202.177.215.87,Mandatory bi-directional neural-net
131,Roxane,Puddicombe,rpuddicombe3m@tinyurl.com,8.40.187.65,Automated upward-trending initiative
132,Eliza,Cable,ecable3n@nhs.uk,38.2.95.66,Fundamental logistical moderator
133,Shep,Quiney,squiney3o@blogs.com,0.101.18.174,Synergistic bottom-line initiative
134,Barclay,Sellick,bsellick3p@jugem.jp,44.183.172.140,Networked bifurcated database
135,Northrop,Semered,nsemered3q@sciencedaily.com,18.208.187.37,Quality-focused didactic conglomeration
136,Bobbi,Fulop,bfulop3r@ted.com,253.185.120.43,Organic 6th generation paradigm
137,Helli,Di Domenico,hdidomenico3s@eepurl.com,10.55.80.43,Mandatory discrete budgetary management
138,Davidde,Faivre,dfaivre3t@indiatimes.com,171.14.141.50,Down-sized background Graphic Interface
139,Horton,Shekle,hshekle3u@aol.com,185.120.13.187,Innovative cohesive structure
140,Norah,Insko,ninsko3v@hhs.gov,161.245.241.90,Proactive bi-directional hardware
141,Jefferey,Jelly,jjelly3w@dedecms.com,149.73.247.56,Stand-alone needs-based workforce
142,Romy,Trehearne,rtrehearne3x@home.pl,160.61.115.102,Up-sized demand-driven portal
143,Mae,Absolom,mabsolom3y@blog.com,126.60.17.131,Managed dedicated monitoring
144,Chauncey,Espasa,cespasa3z@biglobe.ne.jp,32.155.175.106,Customizable solution-oriented algorithm
145,Hewett,Dorian,hdorian40@virginia.edu,217.122.192.79,Balanced static synergy
146,Ginnie,Crysell,gcrysell41@smugmug.com,235.120.123.141,Phased optimal success
147,Celene,Treen,ctreen42@twitpic.com,37.243.198.240,Extended responsive framework
148,Edie,Swatton,eswatton43@squarespace.com,205.189.53.81,Organic hybrid secured line
149,Abbe,Rishman,arishman44@freewebs.com,226.79.139.152,Customizable client-driven array
150,Johnna,Keyho,jkeyho45@hc360.com,208.105.65.15,Configurable grid-enabled protocol
151,Kristi,Dell 'Orto,kdellorto46@blogger.com,130.18.13.77,Monitored zero defect approach
152,Annabella,McGlaughn,amcglaughn47@vimeo.com,7.164.72.63,Decentralized stable task-force
153,Hulda,Carp,hcarp48@github.com,172.200.55.70,Future-proofed fault-tolerant utilisation
154,Aggi,Richardot,arichardot49@symantec.com,241.27.111.155,Secured optimal circuit
155,Caron,Sawney,csawney4a@dyndns.org,66.106.32.43,Secured context-sensitive Graphical User Interface
156,Bellina,Westhoff,bwesthoff4b@clickbank.net,169.44.164.41,Synchronised asynchronous internet solution
157,Barry,Harnell,bharnell4c@nytimes.com,41.33.119.241,Enterprise-wide attitude-oriented parallelism
158,Roger,Feavearyear,rfeavearyear4d@mtv.com,123.149.211.35,Distributed needs-based product
159,Rhonda,Blest,rblest4e@1688.com,155.149.79.36,Fully-configurable zero tolerance forecast
160,Meredith,Hobden,mhobden4f@ustream.tv,253.44.51.170,Synergistic value-added capability
161,Carmine,MacCracken,cmaccracken4g@ibm.com,138.159.162.111,Business-focused dedicated help-desk
162,Alwyn,Hassett,ahassett4h@elegantthemes.com,220.43.110.114,Realigned full-range algorithm
163,Micah,Arnholtz,marnholtz4i@deliciousdays.com,11.215.10.190,Multi-layered solution-oriented core
164,Keary,Press,kpress4j@typepad.com,67.181.95.240,Cloned zero tolerance encoding
165,Felipa,Roundtree,froundtree4k@latimes.com,71.97.145.17,User-centric mission-critical structure
166,Rosanna,Donner,rdonner4l@cmu.edu,89.144.42.215,Customer-focused 24 hour strategy
167,Bronnie,Georgievski,bgeorgievski4m@hexun.com,21.206.156.100,Intuitive local productivity
168,Marsh,Woodyeare,mwoodyeare4n@discuz.net,71.14.120.15,Compatible methodical alliance
169,Noell,Labes,nlabes4o@google.fr,247.57.103.16,Expanded full-range database
170,Reider,Baddiley,rbaddiley4p@google.es,128.20.173.223,Team-oriented fault-tolerant knowledge base
171,Birk,Keymar,bkeymar4q@linkedin.com,132.241.34.164,Total context-sensitive budgetary management
172,Ezechiel,Meharry,emeharry4r@sphinn.com,91.38.131.37,Progressive discrete flexibility
173,Mariya,McComas,mmccomas4s@addthis.com,194.25.143.47,Cloned foreground secured line
174,Christoforo,Caramuscia,ccaramuscia4t@photobucket.com,164.39.121.84,Devolved bandwidth-monitored local area network
175,Alain,Caton,acaton4u@buzzfeed.com,191.47.8.164,Organized 24/7 software
176,Addy,Piddlesden,apiddlesden4v@hubpages.com,24.49.69.104,Quality-focused optimal solution
177,Muhammad,Muckart,mmuckart4w@bluehost.com,200.182.63.105,Reduced asymmetric support
178,Lian,Ivanin,livanin4x@techcrunch.com,97.223.56.27,Team-oriented demand-driven flexibility
179,Laina,Mallows,lmallows4y@i2i.jp,254.250.56.99,Progressive mission-critical model
180,Dael,Stollenhof,dstollenhof4z@newsvine.com,151.102.35.107,Down-sized 24 hour complexity
181,Constantine,Serraillier,cserraillier50@list-manage.com,110.110.106.87,Cloned well-modulated leverage
182,Frasquito,Cardenoso,fcardenoso51@prlog.org,16.81.146.143,Balanced 4th generation core
183,Carleton,Florence,cflorence52@yale.edu,99.24.199.31,Ameliorated transitional matrices
184,Mikkel,Marflitt,mmarflitt53@cam.ac.uk,7.139.123.104,Managed web-enabled firmware
185,Melisenda,Beefon,mbeefon54@eepurl.com,231.88.132.58,Total 6th generation analyzer
186,Bartel,Kendal,bkendal55@furl.net,247.52.81.166,Right-sized impactful installation
187,Margalit,Jerome,mjerome56@bing.com,49.231.74.41,Programmable modular architecture
188,Anthia,De Domenici,adedomenici57@nih.gov,164.130.243.167,Fundamental global initiative
189,Kimberlee,Dedam,kdedam58@nbcnews.com,45.66.25.235,Universal discrete support
190,Wanids,Chamney,wchamney59@t-online.de,102.216.231.96,Object-based upward-trending orchestration
191,Becca,Ramiro,bramiro5a@globo.com,4.180.255.239,Multi-tiered well-modulated hub
192,Jeremie,Marriot,jmarriot5b@flickr.com,227.98.185.97,Persistent discrete matrices
193,Waylan,Auger,wauger5c@artisteer.com,102.187.11.124,Team-oriented asynchronous data-warehouse
194,Corissa,Gamble,cgamble5d@craigslist.org,250.184.29.228,Exclusive mission-critical utilisation
195,Marlon,Ardron,mardron5e@google.com.hk,221.119.255.109,Ergonomic eco-centric emulation
196,Lennie,Blazevic,lblazevic5f@homestead.com,65.147.238.8,Robust discrete adapter
197,Mickey,Dy,mdy5g@alexa.com,97.198.229.225,Configurable zero defect instruction set
198,Maurizio,Vasichev,mvasichev5h@sourceforge.net,50.164.85.240,Adaptive systematic circuit
199,Marcella,Pietruszka,mpietruszka5i@ucsd.edu,182.229.70.214,Monitored impactful adapter
200,Terry,Stripling,tstripling5j@google.cn,249.209.248.113,Grass-roots stable knowledge user
201,Derry,Hearons,dhearons5k@ifeng.com,137.221.184.20,Balanced dynamic strategy
202,Sheryl,Grodden,sgrodden5l@tripadvisor.com,169.75.181.60,Multi-tiered directional focus group
203,Nikolaos,Bullus,nbullus5m@opensource.org,243.68.40.96,Function-based non-volatile hub
204,Benedetto,Benoiton,bbenoiton5n@msu.edu,72.151.186.94,Extended mission-critical challenge
205,Aurilia,Kedward,akedward5o@twitpic.com,148.181.246.129,De-engineered upward-trending array
206,Karim,Yetman,kyetman5p@4shared.com,213.189.200.10,Distributed zero defect customer loyalty
207,Thurston,Gogarty,tgogarty5q@e-recht24.de,187.60.81.108,Polarised solution-oriented open system
208,Maje,Chancelier,mchancelier5r@drupal.org,35.101.61.219,Public-key executive implementation
209,Shelagh,Watchorn,swatchorn5s@go.com,244.202.4.76,Up-sized heuristic paradigm
210,Jareb,Sinnock,jsinnock5t@bizjournals.com,117.106.52.61,Robust exuding circuit
211,Kalina,Jiran,kjiran5u@ft.com,250.31.231.0,Compatible logistical capability
212,Bruno,Morit,bmorit5v@tiny.cc,185.6.21.37,Reduced optimal hub
213,Hymie,Breewood,hbreewood5w@dagondesign.com,152.40.1.108,Sharable disintermediate approach
214,Noland,Squire,nsquire5x@nytimes.com,151.224.79.169,Quality-focused fresh-thinking extranet
215,Andeee,Grimes,agrimes5y@indiatimes.com,124.241.118.145,Automated multimedia solution
216,Shaylah,Franzettoini,sfranzettoini5z@cloudflare.com,216.253.105.195,Inverse grid-enabled concept
217,Alica,Salack,asalack60@wunderground.com,102.63.171.196,Seamless solution-oriented time-frame
218,Garrek,Szwandt,gszwandt61@reuters.com,113.7.125.104,Team-oriented systematic functionalities
219,Town,Howie,thowie62@stumbleupon.com,56.16.230.119,Front-line 24/7 process improvement
220,Teddy,Dreng,tdreng63@issuu.com,87.18.42.13,Proactive logistical ability
221,Atlanta,Chase,achase64@mail.ru,120.149.110.141,Virtual mission-critical workforce
222,Torrey,Ninotti,tninotti65@webmd.com,53.7.53.108,Devolved non-volatile strategy
223,Stefanie,Drayn,sdrayn66@alibaba.com,199.64.232.7,Implemented local analyzer
224,Orsola,Filipponi,ofilipponi67@qq.com,56.76.125.32,Secured grid-enabled attitude
225,Sheridan,Berk,sberk68@cnbc.com,231.204.237.155,Centralized discrete projection
226,Agnes,Crumbie,acrumbie69@nationalgeographic.com,201.119.11.204,Balanced 5th generation extranet
227,Rosalie,Sizland,rsizland6a@engadget.com,222.165.48.57,Multi-channelled non-volatile installation
228,Lissy,Harhoff,lharhoff6b@cam.ac.uk,5.14.176.86,Multi-tiered object-oriented definition
229,Ward,Bedboro,wbedboro6c@ycombinator.com,224.121.73.143,Down-sized zero tolerance functionalities
230,Phillis,Rosier,prosier6d@pen.io,98.138.88.64,Cross-platform high-level workforce
231,Jerrome,Muff,jmuff6e@ehow.com,231.176.179.76,Configurable bi-directional moderator
232,Marshal,Shayler,mshayler6f@over-blog.com,179.197.227.121,Enhanced national Graphical User Interface
233,Mayer,Gibberd,mgibberd6g@livejournal.com,209.54.177.111,Polarised uniform success
234,Cecelia,Maddrell,cmaddrell6h@tripod.com,160.246.106.38,Diverse bottom-line attitude
235,Ardisj,Skerritt,askerritt6i@fastcompany.com,204.154.25.237,Multi-tiered radical knowledge user
236,Chuck,Dovinson,cdovinson6j@myspace.com,108.207.42.236,Compatible mobile approach
237,Rudie,Olliver,rolliver6k@blogspot.com,168.235.150.20,Pre-emptive 3rd generation software
238,Kandace,Brosenius,kbrosenius6l@fotki.com,31.35.90.227,Polarised asynchronous instruction set
239,Nola,McNickle,nmcnickle6m@google.cn,130.243.38.92,Versatile local neural-net
240,Shellysheldon,Keyworth,skeyworth6n@cnbc.com,20.49.182.165,Integrated asynchronous interface
241,Cristi,Leggan,cleggan6o@nasa.gov,136.221.176.151,Right-sized zero defect knowledge user
242,Bram,Tincknell,btincknell6p@technorati.com,109.200.53.34,User-centric tertiary website
243,Robbi,Glaysher,rglaysher6q@slate.com,214.228.134.15,Cloned solution-oriented internet solution
244,Coreen,Fripps,cfripps6r@soup.io,142.225.196.25,Focused modular concept
245,Noam,Jacks,njacks6s@spiegel.de,242.4.38.16,Secured dedicated throughput
246,Mariellen,Trask,mtrask6t@cbsnews.com,255.84.61.197,Managed zero tolerance budgetary management
247,Marlyn,Vyvyan,mvyvyan6u@godaddy.com,164.225.87.131,Phased homogeneous encryption
248,Holly,Matusov,hmatusov6v@jalbum.net,30.210.79.87,Universal methodical migration
249,Madelena,Critchell,mcritchell6w@bigcartel.com,96.227.101.187,Self-enabling multimedia standardization
250,Sue,Kytter,skytter6x@xing.com,145.214.137.78,Devolved mission-critical alliance
251,Pincas,Timson,ptimson6y@ft.com,39.94.127.200,Persevering hybrid throughput
252,Libbi,Bickardike,lbickardike6z@joomla.org,240.203.158.190,Virtual systemic capability
253,Gideon,Drews,gdrews70@army.mil,211.179.255.122,Enhanced 3rd generation customer loyalty
254,Odelinda,Clavey,oclavey71@gnu.org,139.196.69.18,Programmable uniform flexibility
255,Peyter,Balwin,pbalwin72@newyorker.com,151.107.180.114,Centralized motivating info-mediaries
256,Danyette,Ruggieri,druggieri73@storify.com,171.39.213.110,Multi-lateral motivating utilisation
257,Brianna,Southern,bsouthern74@t.co,253.151.242.174,Team-oriented stable flexibility
258,Rosaleen,Hedling,rhedling75@biglobe.ne.jp,205.30.163.253,Re-contextualized mobile support
259,Yard,Freddi,yfreddi76@berkeley.edu,8.187.171.141,Horizontal regional moderator
260,Millisent,Mignot,mmignot77@canalblog.com,66.228.255.91,Phased neutral database
261,Anitra,Cashford,acashford78@loc.gov,150.211.71.133,Ergonomic bottom-line standardization
262,Wally,Badcock,wbadcock79@wikia.com,104.228.102.101,Fundamental mobile task-force
263,Morty,Reardon,mreardon7a@washingtonpost.com,39.6.4.130,Automated tangible flexibility
264,Krishna,Josef,kjosef7b@ted.com,94.62.160.130,Business-focused contextually-based secured line
265,Akim,Yushmanov,ayushmanov7c@ucoz.com,208.232.204.186,Grass-roots background contingency
266,Irena,Pieterick,ipieterick7d@census.gov,157.165.69.94,Enterprise-wide uniform leverage
267,Rollie,Hughesdon,rhughesdon7e@printfriendly.com,164.87.171.74,Extended stable superstructure
268,Mandel,Suatt,msuatt7f@wsj.com,94.212.151.99,Programmable next generation open architecture
269,Andrea,Helmke,ahelmke7g@blog.com,205.39.36.71,Enterprise-wide tangible budgetary management
270,Willy,Greg,wgreg7h@reddit.com,252.243.165.27,Distributed next generation application
271,Devondra,Leneve,dleneve7i@newyorker.com,174.55.134.154,Operative regional utilisation
272,Dedie,Cheshir,dcheshir7j@cloudflare.com,126.116.117.155,Decentralized zero defect interface
273,Nealy,Orrin,norrin7k@bandcamp.com,155.161.250.47,Ameliorated local archive
274,Darrel,Ozintsev,dozintsev7l@cam.ac.uk,207.159.63.171,Programmable cohesive standardization
275,Zahara,Attkins,zattkins7m@vinaora.com,114.254.118.128,Operative holistic monitoring
276,Calida,Habden,chabden7n@lycos.com,100.221.64.43,Phased multi-tasking algorithm
277,Christabel,Moxstead,cmoxstead7o@twitpic.com,148.14.21.204,Re-engineered client-server hierarchy
278,Cyrille,Cantillon,ccantillon7p@loc.gov,216.119.43.235,Re-contextualized interactive functionalities
279,Lolita,Fursse,lfursse7q@posterous.com,168.102.248.62,Reduced encompassing knowledge user
280,Marigold,Werrilow,mwerrilow7r@globo.com,130.91.152.209,Managed directional core
281,Juli,Cases,jcases7s@about.com,103.206.161.19,Devolved 6th generation utilisation
282,Hortense,Leifer,hleifer7t@cbslocal.com,118.27.202.71,Up-sized neutral project
283,Maud,Harborow,mharborow7u@amazonaws.com,109.249.32.77,Up-sized non-volatile array
284,Seumas,Older,solder7v@example.com,80.80.49.8,Team-oriented foreground array
285,Waly,Partrick,wpartrick7w@ucsd.edu,174.116.136.9,Multi-lateral human-resource synergy
286,Jolee,Tod,jtod7x@newyorker.com,228.91.44.5,Organized background success
287,Merrie,Jewes,mjewes7y@go.com,105.49.132.166,Cloned dynamic structure
288,Edithe,Kirsop,ekirsop7z@yahoo.com,176.150.12.237,Secured dynamic instruction set
289,Valentia,Dubs,vdubs80@google.pl,54.242.66.103,Realigned web-enabled matrices
290,Thalia,Jellings,tjellings81@wp.com,88.230.190.106,Diverse zero administration data-warehouse
291,Raeann,Lloyd-Williams,rlloydwilliams82@cbsnews.com,167.144.191.24,Distributed regional pricing structure
292,Jens,De Goey,jdegoey83@comcast.net,41.49.81.30,Open-source holistic middleware
293,Barbette,Message,bmessage84@sfgate.com,165.228.61.24,Open-architected didactic project
294,Valenka,Rupke,vrupke85@freewebs.com,55.159.229.135,Reverse-engineered holistic architecture
295,Eunice,Preene,epreene86@discuz.net,196.110.197.239,Cross-group hybrid interface
296,Cayla,Rysdale,crysdale87@xing.com,211.231.50.165,Seamless content-based contingency
297,Dex,Dumbarton,ddumbarton88@statcounter.com,66.198.114.90,Upgradable needs-based help-desk
298,Floria,Semorad,fsemorad89@cornell.edu,202.223.204.175,Managed bottom-line application
299,Ricardo,McGeady,rmcgeady8a@time.com,34.248.114.32,Enhanced non-volatile definition
300,Janifer,Cullingworth,jcullingworth8b@accuweather.com,114.83.46.218,Balanced real-time hierarchy
301,Ebeneser,Blaskett,eblaskett8c@amazon.com,92.59.202.117,Grass-roots multimedia portal
302,Jada,Dorset,jdorset8d@trellian.com,33.115.6.0,Distributed stable installation
303,Fancy,Jozefczak,fjozefczak8e@tamu.edu,93.153.111.173,Organic explicit framework
304,Sharline,Boissier,sboissier8f@elegantthemes.com,214.182.172.80,Face to face cohesive moratorium
305,Pooh,Grenkov,pgrenkov8g@yahoo.com,1.148.24.30,Centralized 24 hour benchmark
306,Fonzie,Jouen,fjouen8h@tinyurl.com,222.209.195.135,Switchable homogeneous capability
307,Lazare,Instrell,linstrell8i@toplist.cz,159.225.114.184,Robust scalable collaboration
308,Trix,Keaveny,tkeaveny8j@hp.com,44.205.121.176,Adaptive leading edge ability
309,Moritz,Matherson,mmatherson8k@amazon.de,249.43.71.197,Fully-configurable uniform benchmark
310,Matthiew,Pearcehouse,mpearcehouse8l@oracle.com,214.80.77.186,Innovative discrete info-mediaries
311,Rockwell,Delos,rdelos8m@businessinsider.com,21.129.241.156,Assimilated dedicated info-mediaries
312,Kettie,Weber,kweber8n@cafepress.com,178.190.58.179,Digitized asymmetric methodology
313,Karoly,Speenden,kspeenden8o@eepurl.com,47.72.192.33,Diverse discrete implementation
314,Mavis,Vassay,mvassay8p@hubpages.com,213.190.17.53,Front-line regional moratorium
315,Cecilla,Balshaw,cbalshaw8q@xrea.com,143.186.17.35,Optimized actuating capability
316,Dido,Giacomoni,dgiacomoni8r@aboutads.info,228.18.23.244,Visionary optimal installation
317,Danella,Adlard,dadlard8s@i2i.jp,28.140.157.123,Reduced directional functionalities
318,Emmalyn,Chyuerton,echyuerton8t@hud.gov,100.218.134.9,De-engineered actuating info-mediaries
319,Rochelle,Ackhurst,rackhurst8u@vimeo.com,29.29.66.122,Upgradable full-range synergy
320,Ole,Pfeuffer,opfeuffer8v@webnode.com,196.210.121.143,Cloned needs-based system engine
321,Breena,Usmar,busmar8w@soup.io,31.72.25.6,Team-oriented 24 hour model
322,Gunther,Kinnier,gkinnier8x@1688.com,215.170.243.117,Streamlined 24 hour focus group
323,Knox,Bussel,kbussel8y@a8.net,145.231.198.19,Mandatory fresh-thinking throughput
324,Bronson,Crump,bcrump8z@plala.or.jp,224.160.174.132,Pre-emptive user-facing orchestration
325,Leeland,Antonijevic,lantonijevic90@blinklist.com,187.101.70.115,Public-key executive framework
326,Elden,Garratty,egarratty91@hibu.com,220.148.243.144,Robust radical hub
327,Dani,Tolotti,dtolotti92@ft.com,144.159.139.28,Decentralized next generation framework
328,Liv,Ramet,lramet93@tinyurl.com,155.143.130.85,Robust full-range frame
329,Gianina,McKelvie,gmckelvie94@howstuffworks.com,90.153.39.53,Adaptive interactive forecast
330,Avram,Arkow,aarkow95@shop-pro.jp,243.206.186.232,Fully-configurable analyzing open system
331,Coop,Chansonne,cchansonne96@wunderground.com,127.68.198.250,Quality-focused interactive internet solution
332,Madlin,Hutfield,mhutfield97@smh.com.au,29.178.207.224,User-centric object-oriented analyzer
333,Onida,Penhalewick,openhalewick98@oakley.com,201.45.108.95,Operative client-driven hub
334,Padgett,Reina,preina99@salon.com,146.84.205.230,Secured encompassing archive
335,Alair,Tatum,atatum9a@topsy.com,44.74.114.161,Diverse 6th generation budgetary management
336,Delbert,Boyat,dboyat9b@diigo.com,121.146.43.239,Quality-focused scalable superstructure
337,Cloris,Delagua,cdelagua9c@pcworld.com,17.216.181.197,Synchronised user-facing conglomeration
338,Ernestine,Dennerley,edennerley9d@economist.com,175.189.7.185,Face to face modular service-desk
339,Peri,MacKnocker,pmacknocker9e@surveymonkey.com,136.105.194.240,Digitized intermediate projection
340,Evvy,Gilbey,egilbey9f@tuttocitta.it,72.249.201.179,Synergized optimizing process improvement
341,Hanson,Gladwin,hgladwin9g@163.com,148.189.214.115,De-engineered hybrid product
342,Ulberto,Stains,ustains9h@ted.com,46.197.186.5,Multi-channelled responsive open architecture
343,Kym,Wabb,kwabb9i@narod.ru,102.15.219.57,Face to face high-level framework
344,Frederico,Dalliwater,fdalliwater9j@microsoft.com,114.58.104.168,Diverse full-range array
345,Winona,Shutle,wshutle9k@ebay.com,19.88.55.66,Mandatory upward-trending groupware
346,Sandi,Brightey,sbrightey9l@who.int,81.27.137.208,Switchable optimizing function
347,Gretal,Barles,gbarles9m@youku.com,4.8.171.243,Robust bottom-line frame
348,Neddy,Gendricke,ngendricke9n@mozilla.org,179.37.183.187,Optimized next generation matrix
349,Maxy,Wohlers,mwohlers9o@salon.com,54.98.89.27,Switchable didactic synergy
350,Feliks,Wathan,fwathan9p@dmoz.org,243.133.247.106,Open-architected didactic frame
351,Tessi,Tuffin,ttuffin9q@ifeng.com,136.169.90.58,Horizontal uniform hierarchy
352,Guthry,Fulop,gfulop9r@vkontakte.ru,52.66.65.116,Distributed systemic definition
353,Jermaine,Musk,jmusk9s@google.com,70.255.185.141,Pre-emptive attitude-oriented contingency
354,Gwendolyn,Bonifacio,gbonifacio9t@hp.com,171.37.80.45,Centralized disintermediate collaboration
355,Daphene,Grier,dgrier9u@privacy.gov.au,35.103.109.188,Robust 24/7 ability
356,Hallsy,Bibb,hbibb9v@hexun.com,169.72.142.131,Exclusive clear-thinking contingency
357,Dory,Ambrosch,dambrosch9w@discovery.com,98.202.173.23,Seamless upward-trending complexity
358,Carroll,Quigley,cquigley9x@usda.gov,87.204.59.100,Quality-focused real-time approach
359,Savina,Stears,sstears9y@vk.com,21.57.247.196,Fundamental demand-driven infrastructure
360,Estelle,Raraty,eraraty9z@dell.com,254.22.228.151,Advanced heuristic task-force
361,Eli,Jenckes,ejenckesa0@msu.edu,32.107.131.168,Mandatory didactic middleware
362,Camila,Peerless,cpeerlessa1@xing.com,25.248.159.109,Polarised static encoding
363,Daphne,Fransinelli,dfransinellia2@jalbum.net,174.29.46.104,Mandatory attitude-oriented budgetary management
364,Ardis,Lockhart,alockharta3@woothemes.com,212.171.203.223,Sharable actuating model
365,Bendix,Coverdill,bcoverdilla4@yandex.ru,71.221.75.34,Multi-tiered empowering implementation
366,Lara,Verlander,lverlandera5@wikia.com,182.35.200.56,Realigned didactic encryption
367,Bastian,Karel,bkarela6@geocities.jp,142.35.119.242,Seamless exuding internet solution
368,Harmonie,Moakes,hmoakesa7@msn.com,217.149.92.13,Synergistic zero tolerance migration
369,Akim,Finch,afincha8@oakley.com,189.122.146.234,Decentralized client-server application
370,Berton,Loomes,bloomesa9@facebook.com,104.159.216.180,Total encompassing task-force
371,Brockie,Triggle,btriggleaa@house.gov,189.179.231.246,Virtual optimizing help-desk
372,Zara,Ballintime,zballintimeab@ning.com,156.220.170.254,De-engineered transitional migration
373,Fonsie,Avon,favonac@github.io,62.148.141.210,Automated uniform collaboration
374,Brockie,Ahearne,bahearnead@example.com,130.96.82.75,Universal dynamic focus group
375,Nolly,Covolini,ncovoliniae@odnoklassniki.ru,45.200.200.94,Universal cohesive alliance
376,Chet,Lakes,clakesaf@globo.com,243.99.173.117,Cloned heuristic function
377,Donovan,Burkman,dburkmanag@purevolume.com,154.156.217.169,Decentralized background hardware
378,Rheta,Salvador,rsalvadorah@ucsd.edu,8.232.17.122,Organized content-based hierarchy
379,York,Gogay,ygogayai@wunderground.com,148.140.94.241,Balanced global encoding
380,Binnie,Rubinow,brubinowaj@whitehouse.gov,138.86.27.40,Optimized web-enabled support
381,Jeffrey,Paige,jpaigeak@salon.com,32.127.213.72,Synergistic eco-centric success
382,Kaja,Mettericke,kmetterickeal@seesaa.net,213.2.88.50,Profit-focused explicit capacity
383,Issi,Breeton,ibreetonam@nifty.com,6.253.131.61,De-engineered multimedia task-force
384,Zebulon,Marcus,zmarcusan@samsung.com,145.175.10.22,Profit-focused contextually-based synergy
385,Benita,Fernihough,bfernihoughao@aboutads.info,232.191.168.56,Focused bandwidth-monitored algorithm
386,Galvan,Ulyat,gulyatap@umn.edu,59.38.67.177,Function-based coherent data-warehouse
387,Edgard,Youde,eyoudeaq@shutterfly.com,220.37.41.203,Profound 6th generation model
388,Silas,Duffy,sduffyar@sbwire.com,9.18.120.115,Operative content-based focus group
389,Enrika,Castanyer,ecastanyeras@china.com.cn,15.128.199.46,De-engineered solution-oriented encoding
390,Reginald,Piatkowski,rpiatkowskiat@ameblo.jp,252.124.68.22,Ameliorated demand-driven initiative
391,Natalina,Bean,nbeanau@digg.com,204.170.69.244,Up-sized composite hub
392,Gilbertine,Wadwell,gwadwellav@wordpress.org,200.112.150.99,Cross-platform clear-thinking framework
393,Selinda,Stops,sstopsaw@sakura.ne.jp,229.61.231.139,Focused background matrix
394,Tedman,Luton,tlutonax@deviantart.com,21.35.73.127,Networked client-driven access
395,Shelba,Mingey,smingeyay@sphinn.com,106.229.244.222,Configurable intermediate benchmark
396,Winnie,Heyfield,wheyfieldaz@last.fm,192.110.181.89,Stand-alone explicit ability
397,Kylen,Kynett,kkynettb0@mysql.com,225.202.190.0,Ergonomic explicit neural-net
398,Nanine,Sabie,nsabieb1@jalbum.net,114.118.46.26,Re-contextualized bifurcated monitoring
399,Fernanda,Tilbey,ftilbeyb2@huffingtonpost.com,140.222.92.20,Pre-emptive high-level local area network
400,Laureen,Weatherley,lweatherleyb3@bloomberg.com,127.42.205.89,Multi-layered zero tolerance matrices
401,Carina,Toop,ctoopb4@nymag.com,143.91.42.176,Down-sized impactful frame
402,Alexandra,Faulconer,afaulconerb5@sciencedirect.com,34.87.217.17,Business-focused zero tolerance function
403,Judas,Feldhorn,jfeldhornb6@cam.ac.uk,67.178.23.83,Phased composite instruction set
404,Joachim,Pettingill,jpettingillb7@symantec.com,68.19.241.10,Enterprise-wide next generation core
405,Tanny,Dabner,tdabnerb8@cloudflare.com,79.70.192.74,Persevering solution-oriented software
406,Granny,Fogarty,gfogartyb9@addthis.com,136.112.128.51,Profound fresh-thinking monitoring
407,Moishe,Matzen,mmatzenba@epa.gov,215.190.13.98,Phased bifurcated focus group
408,Walsh,Petchell,wpetchellbb@cloudflare.com,51.137.172.41,Polarised hybrid migration
409,Quintus,Flann,qflannbc@taobao.com,80.42.25.209,Organic intangible structure
410,Ole,Kirton,okirtonbd@ameblo.jp,137.20.99.196,Intuitive eco-centric neural-net
411,Gusti,Breche,gbrechebe@smugmug.com,14.5.17.216,Grass-roots transitional Graphic Interface
412,Jazmin,Peaple,jpeaplebf@usatoday.com,242.86.80.211,Assimilated asynchronous matrices
413,Issi,Taye,itayebg@ftc.gov,104.219.99.83,Advanced static ability
414,Merwin,Halden,mhaldenbh@tiny.cc,193.196.209.82,Open-architected multimedia orchestration
415,Slade,Harbage,sharbagebi@earthlink.net,125.177.109.231,Enhanced heuristic adapter
416,Cher,Vatcher,cvatcherbj@gov.uk,101.233.243.98,Reverse-engineered encompassing info-mediaries
417,Dorise,Florez,dflorezbk@ucoz.com,106.12.203.240,Ameliorated maximized collaboration
418,Lorne,Frye,lfryebl@nationalgeographic.com,110.250.0.128,Fundamental disintermediate hub
419,Aldrich,MacCrackan,amaccrackanbm@comcast.net,209.182.254.17,Vision-oriented demand-driven throughput
420,Mathew,Mayne,mmaynebn@typepad.com,154.156.185.73,Streamlined systemic service-desk
421,Morse,Fasey,mfaseybo@eventbrite.com,117.23.117.127,Distributed optimizing artificial intelligence
422,Peg,Slimme,pslimmebp@nasa.gov,242.138.3.136,Persevering interactive local area network
423,Adi,Manvell,amanvellbq@loc.gov,50.14.104.183,Fundamental 24/7 application
424,Kathy,Pandya,kpandyabr@mapy.cz,98.116.96.184,Managed incremental pricing structure
425,Dun,Sloane,dsloanebs@ehow.com,122.83.191.251,Proactive tangible encryption
426,Minnaminnie,Seckom,mseckombt@comcast.net,200.243.91.101,Ameliorated exuding encoding
427,Rubia,Thacker,rthackerbu@comsenz.com,114.164.231.210,Face to face multi-tasking architecture
428,Olav,Twidle,otwidlebv@prnewswire.com,10.33.242.133,Fully-configurable discrete help-desk
429,Clerissa,Rump,crumpbw@barnesandnoble.com,143.173.157.77,Enhanced responsive knowledge base
430,Candra,Steer,csteerbx@joomla.org,134.88.74.118,Compatible fault-tolerant approach
431,Regen,Karlik,rkarlikby@nhs.uk,109.147.55.173,Monitored maximized superstructure
432,Sigismondo,Finey,sfineybz@lulu.com,50.106.98.88,Advanced solution-oriented knowledge base
433,Andie,Bateson,abatesonc0@miitbeian.gov.cn,142.159.35.236,Grass-roots eco-centric paradigm
434,Hedwig,Agott,hagottc1@webmd.com,122.50.250.44,Open-architected systemic array
435,Gayle,Wilsher,gwilsherc2@wisc.edu,159.50.50.92,De-engineered neutral framework
436,Garald,Eldridge,geldridgec3@mysql.com,68.86.222.255,Distributed foreground implementation
437,Blake,Haggath,bhaggathc4@archive.org,16.247.99.27,Managed executive toolset
438,Fons,Philpots,fphilpotsc5@scientificamerican.com,81.47.143.117,Open-architected foreground moratorium
439,Edmund,Yegorchenkov,eyegorchenkovc6@technorati.com,145.212.137.181,Face to face modular capability
440,Merwyn,D'Acth,mdacthc7@google.com.hk,198.180.171.18,User-centric encompassing internet solution
441,Kimberlee,Barcroft,kbarcroftc8@clickbank.net,20.222.172.130,Networked neutral flexibility
442,Kerwin,Grieve,kgrievec9@psu.edu,167.93.3.169,Reverse-engineered client-driven policy
443,Kirsti,Ferroli,kferrolica@earthlink.net,188.162.224.162,Right-sized hybrid flexibility
444,Paquito,Iacovides,piacovidescb@google.com.au,152.252.17.156,Profound regional encryption
445,Burnard,Resdale,bresdalecc@mashable.com,167.121.166.212,Customer-focused dedicated customer loyalty
446,Bryn,Scouller,bscoullercd@devhub.com,160.91.89.221,Reactive analyzing toolset
447,Marsiella,Tschierasche,mtschieraschece@gravatar.com,85.36.205.31,Vision-oriented global architecture
448,Douglas,Vowles,dvowlescf@tripadvisor.com,25.172.247.14,Balanced incremental instruction set
449,Violetta,Siddons,vsiddonscg@ox.ac.uk,45.76.130.17,Optimized national attitude
450,Cris,Davidson,cdavidsonch@eventbrite.com,202.37.130.175,Ameliorated global customer loyalty
451,Kimball,Stuttman,kstuttmanci@pbs.org,47.58.105.207,Self-enabling contextually-based encoding
452,Gaby,Drennan,gdrennancj@moonfruit.com,252.57.53.176,Synergized mission-critical groupware
453,Aldus,Bonavia,abonaviack@census.gov,207.22.179.175,Grass-roots uniform info-mediaries
454,Nickola,Mapston,nmapstoncl@rambler.ru,206.201.250.182,Re-engineered executive internet solution
455,Diannne,Labuschagne,dlabuschagnecm@gmpg.org,237.126.33.176,Multi-tiered asynchronous capability
456,Osgood,des Remedios,odesremedioscn@soup.io,212.9.171.201,Inverse empowering initiative
457,Fabian,Tomovic,ftomovicco@adobe.com,129.248.185.172,Multi-channelled clear-thinking hub
458,Irvine,Huckett,ihuckettcp@bloglines.com,149.207.92.71,Fundamental value-added initiative
459,Persis,Gimlet,pgimletcq@webmd.com,209.61.230.70,Innovative background hierarchy
460,Antonina,Kenworthy,akenworthycr@washington.edu,24.163.197.96,Profound even-keeled standardization
461,Sidoney,Hucke,shuckecs@sfgate.com,227.141.243.248,Reduced bottom-line algorithm
462,Gwendolyn,Levicount,glevicountct@oaic.gov.au,194.147.53.132,Multi-tiered zero administration groupware
463,Kayley,Digwood,kdigwoodcu@wiley.com,25.28.84.5,Assimilated clear-thinking hardware
464,Giovanna,Allerton,gallertoncv@dmoz.org,160.220.185.33,Streamlined web-enabled process improvement
465,Abraham,Featherbie,afeatherbiecw@noaa.gov,140.142.33.195,Enhanced bottom-line groupware
466,Abbi,Janaud,ajanaudcx@gravatar.com,75.191.7.182,Balanced optimizing task-force
467,Gordy,Dehn,gdehncy@ucoz.com,158.99.244.157,Digitized asymmetric methodology
468,Stewart,Rosenblatt,srosenblattcz@domainmarket.com,145.129.181.179,Triple-buffered 6th generation conglomeration
469,Oliviero,Millbank,omillbankd0@weibo.com,241.233.87.209,Realigned secondary initiative
470,Sibella,Dahlbom,sdahlbomd1@google.com.br,123.117.187.168,Programmable interactive structure
471,Jordana,Brend,jbrendd2@lulu.com,58.126.103.125,Profound 5th generation middleware
472,Anissa,Ellershaw,aellershawd3@oaic.gov.au,162.143.138.198,Profound content-based Graphic Interface
473,Fredek,Nicklin,fnicklind4@indiegogo.com,125.235.109.223,Up-sized homogeneous data-warehouse
474,Modesta,Van Rembrandt,mvanrembrandtd5@apple.com,237.232.63.116,Secured clear-thinking encryption
475,Pammie,Duffell,pduffelld6@histats.com,145.181.195.29,Centralized incremental collaboration
476,Yancy,Koubek,ykoubekd7@smh.com.au,170.227.118.115,Grass-roots bandwidth-monitored circuit
477,Cally,Devine,cdevined8@umich.edu,179.190.11.3,Cross-platform human-resource task-force
478,Nessa,Penzer,npenzerd9@nbcnews.com,6.51.59.44,Organic coherent Graphical User Interface
479,Bartlett,Stennine,bstennineda@usa.gov,86.253.39.153,Down-sized real-time knowledge base
480,Louise,Bagnold,lbagnolddb@uol.com.br,49.141.116.178,Universal zero administration model
481,Myrtle,Puckey,mpuckeydc@eepurl.com,115.66.3.34,Function-based maximized frame
482,Vivian,Taudevin,vtaudevindd@un.org,118.154.5.8,Open-architected background open system
483,Cristin,Sebire,csebirede@cisco.com,63.180.156.5,Persistent full-range framework
484,Aloise,Garritley,agarritleydf@ask.com,88.226.158.222,Optimized executive open architecture
485,Alla,Cartmale,acartmaledg@wired.com,141.181.249.68,Organized regional success
486,Mehetabel,de Banke,mdebankedh@cbsnews.com,93.230.147.211,Streamlined exuding orchestration
487,Cull,Michelotti,cmichelottidi@odnoklassniki.ru,213.255.53.170,Public-key logistical complexity
488,Arty,Vanyashin,avanyashindj@dell.com,110.221.112.116,Diverse maximized local area network
489,Melina,O'Teague,moteaguedk@ucla.edu,70.68.221.215,Synergistic eco-centric definition
490,Philipa,Risbrough,prisbroughdl@gnu.org,249.30.194.133,Enterprise-wide attitude-oriented paradigm
491,Kellia,Westmorland,kwestmorlanddm@noaa.gov,174.136.187.249,Total discrete solution
492,Jeri,Klainman,jklainmandn@altervista.org,77.37.57.10,Persevering non-volatile structure
493,Kit,Checcucci,kcheccuccido@artisteer.com,40.221.18.62,Visionary bottom-line core
494,Elsinore,Beany,ebeanydp@sourceforge.net,63.241.31.225,Universal zero tolerance Graphical User Interface
495,Ulla,Sills,usillsdq@slate.com,107.129.4.124,Innovative motivating ability
496,Karine,Allanby,kallanbydr@gnu.org,147.30.201.93,Horizontal user-facing Graphical User Interface
497,Pierre,Scutter,pscutterds@wix.com,156.180.172.218,Stand-alone bi-directional concept
498,Otha,Rutigliano,orutiglianodt@hibu.com,60.243.95.85,Streamlined attitude-oriented moratorium
499,Ariela,Warkup,awarkupdu@cnet.com,178.219.101.240,Profit-focused clear-thinking initiative
500,Kimbell,Dunsmuir,kdunsmuirdv@stumbleupon.com,133.10.248.251,Synergized reciprocal task-force
